    n;             min;             max;             avg;             mea;             bpc;             dev;
   10;        1576.000;        2298.000;        1937.000;        1644.600;           0.006;           9.602;
   11;        1924.000;        2404.000;        2164.000;        2001.100;           0.005;           5.446;
   12;        2258.000;        2678.000;        2468.000;        2371.000;           0.005;           4.959;
   13;        2634.000;        3172.000;        2903.000;        2730.000;           0.005;           4.569;
   14;        3000.000;        3258.000;        3129.000;        3066.800;           0.005;           2.509;
   15;        3696.000;        4620.000;        4158.000;        4409.200;           0.003;           4.454;
   16;        4912.000;        5448.000;        5180.000;        5018.700;           0.003;           2.668;
   17;        5580.000;        6458.000;        6019.000;        6136.200;           0.003;           5.750;
   18;        7134.000;        7680.000;        7407.000;        7276.100;           0.002;           2.110;
   19;        7860.000;        8352.000;        8106.000;        8026.400;           0.002;           1.601;
   20;        8786.000;        9164.000;        8975.000;        8924.900;           0.002;           1.315;
   21;        8336.000;        8846.000;        8591.000;        8475.300;           0.002;           1.544;
   22;        9058.000;        9714.000;        9386.000;        9364.400;           0.002;           2.112;
   23;        9902.000;       10582.000;       10242.000;       10019.800;           0.002;           1.590;
   24;       12288.000;       12666.000;       12477.000;       12387.000;           0.002;           0.813;
   25;       11692.000;       13458.000;       12575.000;       12436.400;           0.002;           5.920;
   26;       14296.000;       15046.000;       14671.000;       14424.300;           0.002;           1.076;
   27;       15366.000;       15790.000;       15578.000;       15528.800;           0.002;           0.514;
   28;       16482.000;       17696.000;       17089.000;       16705.000;           0.002;           1.892;
   29;       15654.000;       27118.000;       21386.000;       17035.600;           0.002;          17.988;
   30;       18782.000;       19148.000;       18965.000;       18943.200;           0.002;           0.567;
   31;       17840.000;       18612.000;       18226.000;       18092.600;           0.002;           1.180;
   32;       19008.000;       19836.000;       19422.000;       19256.900;           0.002;           1.019;
   33;       22490.000;       29952.000;       26221.000;       23019.200;           0.001;           7.114;
   34;       24496.000;       24722.000;       24609.000;       24614.300;           0.001;           0.232;
   35;       26130.000;       26588.000;       26359.000;       26386.300;           0.001;           0.486;
   36;       27674.000;       28310.000;       27992.000;       27853.000;           0.001;           0.579;
   37;       29074.000;       29656.000;       29365.000;       29279.200;           0.001;           0.442;
   38;       30554.000;       30944.000;       30749.000;       30737.500;           0.001;           0.325;
   39;       31962.000;       32394.000;       32178.000;       32211.200;           0.001;           0.358;
   40;       33440.000;       33996.000;       33718.000;       33716.900;           0.001;           0.451;
   41;       35024.000;       60452.000;       47738.000;       39373.300;           0.001;          21.776;
   42;       36614.000;       61006.000;       48810.000;       38077.300;           0.001;          14.177;
   43;       38460.000;       61850.000;       50155.000;       39905.200;           0.001;          12.960;
   44;       37064.000;      133082.000;       85073.000;       56911.100;           0.001;          39.445;
   45;       38358.000;       70848.000;       54603.000;       47711.800;           0.001;          29.359;
   46;       39806.000;       41154.000;       40480.000;       40404.100;           0.001;           0.864;
   47;       41702.000;       53882.000;       47792.000;       42752.600;           0.001;           6.172;
   48;       43004.000;       44916.000;       43960.000;       43983.700;           0.001;           1.059;
   49;       45220.000;       46544.000;       45882.000;       45659.100;           0.001;           0.867;
   50;       50746.000;       51974.000;       51360.000;       51346.800;           0.001;           0.489;
   51;       53346.000;       55234.000;       54290.000;       54205.900;           0.001;           1.146;
   52;       55054.000;       56846.000;       55950.000;       55936.600;           0.001;           0.931;
   53;       57212.000;       77702.000;       67457.000;       58887.100;           0.001;           7.582;
   54;       59124.000;       59662.000;       59393.000;       59413.200;           0.001;           0.239;
   55;       61118.000;       62172.000;       61645.000;       61528.100;           0.001;           0.353;
   56;       63454.000;       64290.000;       63872.000;       63803.700;           0.001;           0.270;
   57;       65636.000;      117684.000;       91660.000;       79936.000;           0.001;          26.592;
   58;       68204.000;      208876.000;      138540.000;      119781.700;           0.000;          19.998;
   59;       70156.000;       71320.000;       70738.000;       70519.900;           0.001;           0.454;
   60;       72434.000;      170118.000;      121276.000;       88697.100;           0.001;          30.660;
   61;       55250.000;      128420.000;       91835.000;       85028.500;           0.001;          24.148;
   62;       57176.000;       66066.000;       61621.000;       59503.700;           0.001;           3.807;
   63;       58614.000;       66452.000;       62533.000;       61283.900;           0.001;           3.076;
   64;       60882.000;      120744.000;       90813.000;       80585.700;           0.001;          29.328;
   65;      109472.000;      127316.000;      118394.000;      116448.300;           0.001;           3.241;
   66;       51134.000;      118322.000;       84728.000;       90196.900;           0.001;          19.037;
   67;       52086.000;       55512.000;       53799.000;       52909.700;           0.001;           1.465;
   68;       53618.000;       79134.000;       66376.000;       55966.600;           0.001;          11.123;
   69;       55206.000;       93126.000;       74166.000;       59387.400;           0.001;          17.898;
   70;       56774.000;       57160.000;       56967.000;       56952.200;           0.001;           0.176;
   71;       48248.000;       94000.000;       71124.000;       58734.600;           0.001;          15.464;
   72;       51808.000;       55468.000;       53638.000;       52179.500;           0.001;           1.595;
   73;       51104.000;       63420.000;       57262.000;       52049.500;           0.001;           5.370;
   74;       52130.000;       89926.000;       71028.000;       61889.900;           0.001;          24.493;
   75;       53782.000;       54468.000;       54125.000;       53919.700;           0.001;           0.286;
   76;       55022.000;       55436.000;       55229.000;       55183.200;           0.001;           0.217;
   77;       56496.000;       82034.000;       69265.000;       57947.400;           0.001;           9.785;
   78;       57928.000;       58336.000;       58132.000;       58122.000;           0.001;           0.188;
   79;       59334.000;       60072.000;       59703.000;       59555.100;           0.001;           0.251;
   80;       64108.000;       64500.000;       64304.000;       64332.600;           0.001;           0.148;
   81;       62568.000;       62906.000;       62737.000;       62714.100;           0.001;           0.149;
   82;       63998.000;       80780.000;       72389.000;       65032.000;           0.001;           5.703;
   83;       65620.000;       65878.000;       65749.000;       65752.200;           0.001;           0.113;
   84;       67132.000;       97620.000;       82376.000;       70962.800;           0.001;          12.971;
   85;       68884.000;       69420.000;       69152.000;       69008.900;           0.001;           0.186;
   86;       70264.000;      199822.000;      135043.000;       82441.600;           0.001;          37.572;
   87;       71766.000;       72238.000;       72002.000;       72071.100;           0.001;           0.166;
   88;       78872.000;      134426.000;      106649.000;       86904.800;           0.001;          20.582;
   89;       70488.000;       71966.000;       71227.000;       71335.900;           0.001;           0.551;
   90;       72538.000;       93412.000;       82975.000;       74109.600;           0.001;           6.163;
   91;       73808.000;       75294.000;       74551.000;       74540.200;           0.001;           0.579;
   92;       75350.000;       77506.000;       76428.000;       76421.600;           0.001;           0.831;
   93;       82304.000;       83070.000;       82687.000;       82529.500;           0.001;           0.202;
   94;       83660.000;       84112.000;       83886.000;       83897.700;           0.001;           0.135;
   95;       85586.000;       85858.000;       85722.000;       85716.400;           0.001;           0.094;
   96;       95474.000;       97112.000;       96293.000;       95799.200;           0.001;           0.371;
   97;       89178.000;       89618.000;       89398.000;       89355.100;           0.001;           0.124;
   98;       90806.000;       91218.000;       91012.000;       91080.300;           0.001;           0.093;
   99;       92736.000;      112238.000;      102487.000;       93911.900;           0.001;           4.595;
  100;       94680.000;       95004.000;       94842.000;       94892.400;           0.001;           0.082;
  101;       96492.000;      110076.000;      103284.000;       97366.500;           0.001;           3.075;
  102;       98744.000;      106900.000;      102822.000;       99310.700;           0.001;           1.802;
  103;      100088.000;      100562.000;      100325.000;      100341.100;           0.001;           0.109;
  104;      111394.000;      113064.000;      112229.000;      111734.200;           0.001;           0.311;
  105;      104306.000;      110998.000;      107652.000;      104821.900;           0.001;           1.390;
  106;      106270.000;      106704.000;      106487.000;      106460.500;           0.001;           0.112;
  107;      108150.000;      108640.000;      108395.000;      108347.200;           0.001;           0.125;
  108;      110798.000;      201278.000;      156038.000;      133261.500;           0.001;          22.202;
  109;      112278.000;      112906.000;      112592.000;      112497.700;           0.001;           0.128;
  110;      115084.000;      115606.000;      115345.000;      115297.200;           0.001;           0.117;
  111;      117028.000;      117570.000;      117299.000;      117268.500;           0.001;           0.119;
  112;      130346.000;      183660.000;      157003.000;      134184.300;           0.001;           9.195;
  113;      119930.000;      120828.000;      120379.000;      120416.600;           0.001;           0.186;
  114;      123382.000;      156350.000;      139866.000;      126489.300;           0.001;           6.658;
  115;      125220.000;      125650.000;      125435.000;      125397.400;           0.001;           0.084;
  116;      129174.000;      137360.000;      133267.000;      129859.600;           0.001;           1.407;
  117;      129616.000;      129936.000;      129776.000;      129803.100;           0.001;           0.067;
  118;      131956.000;      139344.000;      135650.000;      132580.300;           0.001;           1.204;
  119;      133876.000;      134346.000;      134111.000;      134164.900;           0.001;           0.088;
  120;      149242.000;      157796.000;      153519.000;      150046.000;           0.001;           1.268;
  121;      138256.000;      138856.000;      138556.000;      138589.700;           0.001;           0.099;
  122;      140916.000;      149544.000;      145230.000;      141679.700;           0.001;           1.314;
  123;      142972.000;      143358.000;      143165.000;      143126.000;           0.001;           0.080;
  124;      147000.000;      162414.000;      154707.000;      148120.600;           0.001;           2.286;
  125;      147522.000;      148018.000;      147770.000;      147778.800;           0.001;           0.094;
  126;      149996.000;      151100.000;      150548.000;      150212.800;           0.001;           0.176;
  127;      152126.000;      152566.000;      152346.000;      152347.500;           0.001;           0.079;
  128;      314032.000;      316714.000;      315373.000;      314669.900;           0.000;           0.190;
  129;      156828.000;      163854.000;      160341.000;      157436.000;           0.001;           0.964;
  130;      159472.000;      159954.000;      159713.000;      159668.300;           0.001;           0.086;
  131;      161804.000;      217414.000;      189609.000;      165216.300;           0.001;           7.504;
  132;      166322.000;      176006.000;      171164.000;      167129.500;           0.001;           1.294;
  133;      166816.000;      167268.000;      167042.000;      167060.700;           0.001;           0.075;
  134;      169138.000;      169960.000;      169549.000;      169476.500;           0.001;           0.129;
  135;      171714.000;      207530.000;      189622.000;      173772.600;           0.001;           4.574;
  136;      192074.000;      358624.000;      275349.000;      208246.000;           0.001;          22.532;
  137;      176822.000;      201936.000;      189379.000;      178346.800;           0.001;           3.115;
  138;      179236.000;      180412.000;      179824.000;      179570.600;           0.001;           0.140;
  139;      181764.000;      191402.000;      186583.000;      182546.400;           0.001;           1.147;
  140;      187016.000;      196790.000;      191903.000;      187838.000;           0.001;           1.144;
  141;      187124.000;      187892.000;      187508.000;      187557.500;           0.001;           0.099;
  142;      189728.000;      197704.000;      193716.000;      190484.300;           0.001;           0.899;
  143;      192308.000;      199860.000;      196084.000;      192947.500;           0.001;           0.847;
  144;      217110.000;      220924.000;      219017.000;      217809.500;           0.001;           0.361;
  145;      197808.000;      206102.000;      201955.000;      198429.500;           0.001;           0.915;
  146;      200732.000;      208954.000;      204843.000;      201519.300;           0.001;           0.875;
  147;      203282.000;      204266.000;      203774.000;      203612.400;           0.001;           0.131;
  148;      210082.000;      210628.000;      210355.000;      210342.700;           0.001;           0.071;
  149;      208814.000;      240114.000;      224464.000;      212120.600;           0.001;           4.253;
  150;      211750.000;      230648.000;      221199.000;      213023.200;           0.001;           1.950;
  151;      214352.000;      230324.000;      222338.000;      215621.400;           0.001;           1.610;
  152;      243022.000;      287072.000;      265047.000;      246828.500;           0.001;           4.226;
  153;      220358.000;      223594.000;      221976.000;      220839.300;           0.001;           0.304;
  154;      223452.000;      266736.000;      245094.000;      226427.600;           0.001;           4.365;
  155;      225682.000;      233620.000;      229651.000;      226534.600;           0.001;           0.742;
  156;      233862.000;      294602.000;      264232.000;      237576.300;           0.001;           5.664;
  157;      231442.000;      257758.000;      244600.000;      233083.400;           0.001;           2.494;
  158;      234754.000;      392262.000;      313508.000;      245650.900;           0.001;          14.896;
  159;      237478.000;      254096.000;      245787.000;      238548.700;           0.001;           1.536;
  160;      494440.000;      521386.000;      507913.000;      498248.700;           0.000;           1.435;
  161;      243624.000;      244446.000;      244035.000;      243946.100;           0.001;           0.101;
  162;      246746.000;      254594.000;      250670.000;      247544.100;           0.001;           0.678;
  163;      250386.000;      250918.000;      250652.000;      250731.800;           0.001;           0.057;
  164;      260956.000;      264090.000;      262523.000;      261787.700;           0.001;           0.289;
  165;      255874.000;      283900.000;      269887.000;      257687.700;           0.001;           2.396;
  166;      259128.000;      269206.000;      264167.000;      259968.300;           0.001;           0.839;
  167;      261936.000;      263500.000;      262718.000;      262418.700;           0.001;           0.149;
  168;      299782.000;      304046.000;      301914.000;      300564.600;           0.001;           0.289;
  169;      268222.000;      269126.000;      268674.000;      268719.100;           0.001;           0.094;
  170;      272270.000;      353398.000;      312834.000;      276906.300;           0.001;           6.529;
  171;      511774.000;      524634.000;      518204.000;      514281.400;           0.000;           0.559;
  172;      292428.000;      301960.000;      297194.000;      293438.700;           0.001;           0.693;
  173;      280948.000;      288170.000;      284559.000;      281677.000;           0.001;           0.553;
  174;      284100.000;      291552.000;      287826.000;      284960.600;           0.001;           0.551;
  175;      287820.000;      288558.000;      288189.000;      288151.100;           0.001;           0.063;
  176;      333718.000;      465546.000;      399632.000;      341501.300;           0.001;           8.575;
  177;      294292.000;      305902.000;      300097.000;      295326.300;           0.001;           0.849;
  178;      297670.000;      298916.000;      298293.000;      298121.600;           0.001;           0.090;
  179;      300860.000;      374704.000;      337782.000;      307552.400;           0.001;           6.498;
  180;      318464.000;      326504.000;      322484.000;      319472.400;           0.001;           0.548;
  181;      307300.000;      308508.000;      307904.000;      307923.000;           0.001;           0.095;
  182;      311232.000;      320028.000;      315630.000;      312149.400;           0.001;           0.600;
  183;      315000.000;      322844.000;      318922.000;      315728.100;           0.001;           0.541;
  184;      366544.000;      371498.000;      369021.000;      367652.700;           0.001;           0.351;
  185;      321724.000;      329352.000;      325538.000;      322410.500;           0.001;           0.509;
  186;      325254.000;      326204.000;      325729.000;      325723.700;           0.001;           0.101;
  187;      328562.000;      329678.000;      329120.000;      329125.700;           0.001;           0.073;
  188;      349922.000;      406404.000;      378163.000;      353606.700;           0.001;           3.520;
  189;      335792.000;      343540.000;      339666.000;      336507.400;           0.001;           0.495;
  190;      339854.000;      341934.000;      340894.000;      340526.400;           0.001;           0.123;
  191;      343374.000;      351328.000;      347351.000;      344228.900;           0.001;           0.492;
  192;      753924.000;      774342.000;      764133.000;      757670.200;           0.000;           0.620;
  193;      350654.000;      358942.000;      354798.000;      351616.700;           0.001;           0.495;
  194;      355026.000;      369908.000;      362467.000;      356705.400;           0.001;           1.020;
  195;      359320.000;      438714.000;      399017.000;      363747.300;           0.001;           4.852;
  196;      384710.000;      398440.000;      391575.000;      386527.500;           0.001;           0.803;
  197;      519014.000;      531428.000;      525221.000;      521022.300;           0.000;           0.639;
  198;      370278.000;      371966.000;      371122.000;      370951.700;           0.001;           0.101;
  199;      373974.000;      387356.000;      380665.000;      375499.300;           0.001;           0.750;
  200;      446054.000;      463738.000;      454896.000;      449044.100;           0.000;           1.035;
  201;      381998.000;      383098.000;      382548.000;      382540.400;           0.001;           0.075;
  202;      385830.000;      398822.000;      392326.000;      387888.200;           0.001;           0.883;
  203;      389498.000;      480644.000;      435071.000;      394561.000;           0.001;           5.136;
  204;      423138.000;      432226.000;      427682.000;      425008.400;           0.000;           0.582;
  205;      725424.000;      741456.000;      733440.000;      727981.700;           0.000;           0.567;
  206;      402510.000;      433978.000;      418244.000;      404645.500;           0.001;           1.711;
  207;      405764.000;      407240.000;      406502.000;      406506.200;           0.001;           0.076;
  208;      501738.000;      511398.000;      506568.000;      504745.300;           0.000;           0.488;
  209;      413276.000;      457872.000;      435574.000;      416594.000;           0.001;           2.392;
  210;      417152.000;      888060.000;      652606.000;      442798.500;           0.000;          23.725;
  211;      420678.000;      482198.000;      451438.000;      424853.900;           0.000;           3.218;
  212;      462022.000;      472332.000;      467177.000;      463250.700;           0.000;           0.470;
  213;      428642.000;      437414.000;      433028.000;      429368.100;           0.000;           0.445;
  214;      433334.000;      435044.000;      434189.000;      434148.400;           0.000;           0.091;
  215;      436796.000;      522164.000;      479480.000;      441816.300;           0.000;           4.281;
  216;      529694.000;      630220.000;      579957.000;      537067.400;           0.000;           4.243;
  217;      445048.000;      446662.000;      445855.000;      445937.700;           0.000;           0.092;
  218;      449536.000;      458396.000;      453966.000;      451236.700;           0.000;           0.496;
  219;      453594.000;      454626.000;      454110.000;      454084.500;           0.000;           0.060;
  220;      512864.000;      524756.000;      518810.000;      514838.500;           0.000;           0.544;
  221;      461634.000;      471124.000;      466379.000;      462549.000;           0.000;           0.439;
  222;      469786.000;      481626.000;      475706.000;      471138.000;           0.000;           0.559;
  223;      470066.000;      477758.000;      473912.000;      471172.000;           0.000;           0.471;
  224;     1050670.000;     1064508.000;     1057589.000;     1053748.000;           0.000;           0.341;
  225;      477940.000;      486178.000;      482059.000;      478874.100;           0.000;           0.364;
  226;      484324.000;      493426.000;      488875.000;      485106.500;           0.000;           0.408;
  227;      486950.000;      494422.000;      490686.000;      487792.800;           0.000;           0.329;
  228;      551732.000;      560976.000;      556354.000;      553526.800;           0.000;           0.506;
  229;      495342.000;      496576.000;      495959.000;      495928.900;           0.000;           0.059;
  230;      500584.000;      516046.000;      508315.000;      502494.100;           0.000;           0.763;
  231;      504676.000;      778192.000;      641434.000;      546081.100;           0.000;          17.387;
  232;      615816.000;      726976.000;      671396.000;      625846.600;           0.000;           4.043;
  233;      513526.000;      742004.000;      627765.000;      525301.400;           0.000;           9.710;
  234;      518500.000;      551854.000;      535177.000;      521551.200;           0.000;           1.601;
  235;      522114.000;      533278.000;      527696.000;      523609.900;           0.000;           0.545;
  236;      581242.000;      597418.000;      589330.000;      583776.500;           0.000;           0.673;
  237;      530742.000;      596658.000;      563700.000;      535123.500;           0.000;           2.726;
  238;      539678.000;      552582.000;      546130.000;      540949.500;           0.000;           0.509;
  239;      813200.000;      824652.000;      818926.000;      815663.800;           0.000;           0.364;
  240;      689574.000;      695734.000;      692654.000;      690972.300;           0.000;           0.184;
  241;      791106.000;      803164.000;      797135.000;      794710.300;           0.000;           0.354;
  242;      554706.000;      646066.000;      600386.000;      559726.000;           0.000;           3.631;
  243;      557838.000;      589684.000;      573761.000;      562114.200;           0.000;           1.660;
  244;      636710.000;      920150.000;      778430.000;      653631.600;           0.000;           9.653;
  245;      567328.000;      568704.000;      568016.000;      568046.900;           0.000;           0.063;
  246;      572818.000;      754240.000;      663529.000;      586461.300;           0.000;           7.041;
  247;      576298.000;      607302.000;      591800.000;      578819.300;           0.000;           1.217;
  248;      708862.000;      723260.000;      716061.000;      710959.500;           0.000;           0.429;
  249;      585074.000;      593718.000;      589396.000;      586303.700;           0.000;           0.303;
  250;      591270.000;      605836.000;      598553.000;      593405.300;           0.000;           0.641;
  251;      595506.000;      602752.000;      599129.000;      596229.700;           0.000;           0.261;
  252;      671332.000;      768736.000;      720034.000;      677640.900;           0.000;           3.166;
  253;      605356.000;      661122.000;      633239.000;      609772.500;           0.000;           2.056;
  254;      613292.000;      672588.000;      642940.000;      617875.200;           0.000;           2.209;
  255;      613514.000;      704906.000;      659210.000;      621062.000;           0.000;           3.266;
  256;     2564986.000;     2589120.000;     2577053.000;     2572917.900;           0.000;           0.217;
  257;      627438.000;      637810.000;      632624.000;      629103.300;           0.000;           0.436;
  258;      636168.000;      650504.000;      643336.000;      640090.900;           0.000;           0.530;
  259;      634228.000;      684704.000;      659466.000;      638308.300;           0.000;           1.768;
  260;      718294.000;      726616.000;      722455.000;      720068.900;           0.000;           0.307;
  261;      644100.000;      651862.000;      647981.000;      645255.100;           0.000;           0.342;
  262;      654670.000;      699074.000;      676872.000;      657912.200;           0.000;           1.503;
  263;      653526.000;      707152.000;      680339.000;      657260.300;           0.000;           1.807;
  264;      801986.000;      823630.000;      812808.000;      804405.300;           0.000;           0.623;
  265;      663738.000;      673956.000;      668847.000;      665296.500;           0.000;           0.401;
  266;      670664.000;      679164.000;      674914.000;      671770.400;           0.000;           0.268;
  267;      674408.000;      690292.000;      682350.000;      676216.100;           0.000;           0.564;
  268;      764588.000;     1182338.000;      973463.000;      799107.900;           0.000;          12.388;
  269;      683726.000;      693670.000;      688698.000;      685476.300;           0.000;           0.359;
  270;      693404.000;     1169152.000;      931278.000;      726063.800;           0.000;          14.962;
  271;      695958.000;      733850.000;      714904.000;      699170.300;           0.000;           1.218;
  272;     1211902.000;     1224376.000;     1218139.000;     1217003.500;           0.000;           0.248;
  273;      707632.000;      709168.000;      708400.000;      708161.400;           0.000;           0.057;
  274;      712942.000;      721140.000;      717041.000;      713778.000;           0.000;           0.248;
  275;      715318.000;      732394.000;      723856.000;      717969.300;           0.000;           0.574;
  276;      833000.000;      900780.000;      866890.000;      838475.100;           0.000;           1.790;
  277;      725588.000;      727376.000;      726482.000;      726487.800;           0.000;           0.071;
  278;      738380.000;      748202.000;      743291.000;      739974.500;           0.000;           0.335;
  279;      736794.000;      747606.000;      742200.000;      737881.000;           0.000;           0.316;
  280;      909186.000;      921012.000;      915099.000;      911576.300;           0.000;           0.334;
  281;      746864.000;      754110.000;      750487.000;      748021.600;           0.000;           0.201;
  282;      755012.000;      762858.000;      758935.000;      756467.800;           0.000;           0.209;
  283;      757758.000;     1200652.000;      979205.000;      806824.800;           0.000;          16.013;
  284;      859380.000;      867166.000;      863273.000;      860857.200;           0.000;           0.217;
  285;      767708.000;      776860.000;      772284.000;      768949.900;           0.000;           0.249;
  286;      778614.000;      788738.000;      783676.000;      779588.700;           0.000;           0.280;
  287;      779856.000;      867550.000;      823703.000;      788391.400;           0.000;           2.624;
  288;     1721746.000;     1739718.000;     1730732.000;     1725664.700;           0.000;           0.319;
  289;      790692.000;      886214.000;      838453.000;      797041.300;           0.000;           2.670;
  290;      799420.000;      838172.000;      818796.000;      804887.700;           0.000;           1.112;
  291;      801902.000;      847290.000;      824596.000;      805068.100;           0.000;           1.236;
  292;      909356.000;     1373828.000;     1141592.000;      954615.500;           0.000;          11.108;
  293;      813224.000;     1066108.000;      939666.000;      831734.800;           0.000;           6.991;
  294;      820630.000;      836540.000;      828585.000;      823357.900;           0.000;           0.498;
  295;      823600.000;      900378.000;      861989.000;      832202.200;           0.000;           2.319;
  296;     1018852.000;     1052260.000;     1035556.000;     1022128.700;           0.000;           0.741;
  297;      833874.000;      849048.000;      841461.000;      836740.700;           0.000;           0.495;
  298;      844660.000;      901664.000;      873162.000;      848561.900;           0.000;           1.483;
  299;      845558.000;      934090.000;      889824.000;      851786.500;           0.000;           2.301;
  300;      969994.000;      986048.000;      978021.000;      972790.700;           0.000;           0.397;
  301;      857190.000;      866640.000;      861915.000;      858898.700;           0.000;           0.313;
  302;      873572.000;      884788.000;      879180.000;      876366.500;           0.000;           0.322;
  303;      868810.000;      878730.000;      873770.000;      870262.900;           0.000;           0.303;
  304;     1880202.000;     1889950.000;     1885076.000;     1882897.100;           0.000;           0.177;
  305;      879146.000;      962760.000;      920953.000;      885438.700;           0.000;           2.089;
  306;      891382.000;      912924.000;      902153.000;      895023.200;           0.000;           0.711;
  307;      894660.000;      910890.000;      902775.000;      896177.200;           0.000;           0.391;
  308;     1058136.000;     1092032.000;     1075084.000;     1061630.800;           0.000;           0.710;
  309;      902058.000;      922636.000;      912347.000;      904682.400;           0.000;           0.600;
  310;      914686.000;     1010842.000;      962764.000;      921831.000;           0.000;           2.295;
  311;      914430.000;      924596.000;      919513.000;      916459.300;           0.000;           0.285;
  312;     1132742.000;     1774634.000;     1453688.000;     1171464.600;           0.000;          12.258;
  313;      928966.000;      949912.000;      939439.000;      931471.200;           0.000;           0.522;
  314;      937856.000;      996784.000;      967320.000;      942529.200;           0.000;           1.385;
  315;      940840.000;      949994.000;      945417.000;      942211.900;           0.000;           0.199;
  316;     1093262.000;     1105372.000;     1099317.000;     1095905.400;           0.000;           0.289;
  317;     1469392.000;     1561568.000;     1515480.000;     1477839.200;           0.000;           1.397;
  318;      964834.000;     1609630.000;     1287232.000;     1017048.000;           0.000;          14.141;
  319;      962022.000;     1620464.000;     1291243.000;     1016869.100;           0.000;          14.980;
  320;     2415310.000;     2646798.000;     2531054.000;     2432513.000;           0.000;           2.096;
  321;      975254.000;      984040.000;      979647.000;      976219.300;           0.000;           0.195;
  322;      988606.000;     1575896.000;     1282251.000;     1026014.500;           0.000;          12.699;
  323;      986090.000;      996678.000;      991384.000;      988077.800;           0.000;           0.284;
  324;     1149578.000;     1175464.000;     1162521.000;     1152605.300;           0.000;           0.517;
  325;      997350.000;     1071498.000;     1034424.000;     1003250.600;           0.000;           1.626;
  326;     1174864.000;     1186406.000;     1180635.000;     1177570.200;           0.000;           0.288;
  327;     1010184.000;     1023690.000;     1016937.000;     1013502.300;           0.000;           0.397;
  328;     1254502.000;     1348666.000;     1301584.000;     1266632.500;           0.000;           2.137;
  329;     1026846.000;     1073170.000;     1050008.000;     1031358.200;           0.000;           0.981;
  330;     1046906.000;     1172622.000;     1109764.000;     1065462.700;           0.000;           3.468;
  331;     1037414.000;     1131240.000;     1084327.000;     1044673.000;           0.000;           1.966;
  332;     1204284.000;     1208294.000;     1206289.000;     1206424.000;           0.000;           0.085;
  333;     1048858.000;     1105182.000;     1077020.000;     1053472.000;           0.000;           1.180;
  334;     1139410.000;     1232528.000;     1185969.000;     1149112.300;           0.000;           1.748;
  335;     1061668.000;     1684134.000;     1372901.000;     1111504.100;           0.000;          13.132;
  336;     2311184.000;     2392646.000;     2351915.000;     2321308.300;           0.000;           0.858;
  337;     1074736.000;     1086040.000;     1080388.000;     1078002.500;           0.000;           0.312;
  338;     1087580.000;     1190000.000;     1138790.000;     1095963.700;           0.000;           2.045;
  339;     1088606.000;     1101616.000;     1095111.000;     1091472.900;           0.000;           0.299;
  340;     1248110.000;     1355274.000;     1301692.000;     1256860.900;           0.000;           1.879;
  341;     1104796.000;     1255874.000;     1180335.000;     1118071.700;           0.000;           3.142;
  342;     1589780.000;     1605750.000;     1597765.000;     1594994.400;           0.000;           0.306;
  343;     1114888.000;     1125974.000;     1120431.000;     1117523.900;           0.000;           0.222;
  344;     1377406.000;     1390416.000;     1383911.000;     1381116.900;           0.000;           0.313;
  345;     1124626.000;     1169670.000;     1147148.000;     1131576.200;           0.000;           1.089;
  346;     1171560.000;     1190934.000;     1181247.000;     1176752.300;           0.000;           0.415;
  347;     1140682.000;     1231742.000;     1186212.000;     1149065.200;           0.000;           1.729;
  348;     1312840.000;     1331192.000;     1322016.000;     1316521.900;           0.000;           0.354;
  349;     1154346.000;     1159452.000;     1156899.000;     1156705.200;           0.000;           0.108;
  350;     1170604.000;     1179836.000;     1175220.000;     1174294.400;           0.000;           0.220;
  351;     1164854.000;     1175734.000;     1170294.000;     1168359.100;           0.000;           0.309;
  352;     2568914.000;     2614942.000;     2591928.000;     2575030.800;           0.000;           0.402;
  353;     1179282.000;     1191376.000;     1185329.000;     1182077.200;           0.000;           0.300;
  354;     1194778.000;     1287422.000;     1241100.000;     1202839.500;           0.000;           1.696;
  355;     1193394.000;     1232948.000;     1213171.000;     1199795.300;           0.000;           0.826;
  356;     1375838.000;     1409400.000;     1392619.000;     1380451.900;           0.000;           0.596;
  357;     1205366.000;     1296602.000;     1250984.000;     1213047.700;           0.000;           1.650;
  358;     1218246.000;     1763520.000;     1490883.000;     1249171.800;           0.000;           9.701;
  359;     1224768.000;     1325178.000;     1274973.000;     1233494.400;           0.000;           1.816;
  360;     1506558.000;     1568482.000;     1537520.000;     1512822.200;           0.000;           0.916;
  361;     1232872.000;     1457388.000;     1345130.000;     1255615.500;           0.000;           4.290;
  362;     1242980.000;     1267776.000;     1255378.000;     1249496.000;           0.000;           0.549;
  363;     1244760.000;     2094304.000;     1669532.000;     1343291.600;           0.000;          16.262;
  364;     1463858.000;     2150398.000;     1807128.000;     1512943.800;           0.000;          10.160;
  365;     1261922.000;     1734780.000;     1498351.000;     1301687.900;           0.000;           8.454;
  366;     1790310.000;     1806796.000;     1798553.000;     1795558.500;           0.000;           0.264;
  367;     1271970.000;     1420684.000;     1346327.000;     1295798.000;           0.000;           3.334;
  368;     2776186.000;     2940732.000;     2858459.000;     2799549.900;           0.000;           1.628;
  369;     1286354.000;     1738398.000;     1512376.000;     1337249.700;           0.000;           8.683;
  370;     1354344.000;     1430690.000;     1392517.000;     1363028.100;           0.000;           1.278;
  371;     1299504.000;     1436142.000;     1367823.000;     1315388.800;           0.000;           2.539;
  372;     1497780.000;     1589638.000;     1543709.000;     1515937.700;           0.000;           1.331;
  373;     1316586.000;     1454064.000;     1385325.000;     1330610.000;           0.000;           2.630;
  374;     1336400.000;     1349240.000;     1342820.000;     1339153.000;           0.000;           0.271;
  375;     1329176.000;     1438584.000;     1383880.000;     1336934.000;           0.000;           1.804;
  376;     1654842.000;     1672416.000;     1663629.000;     1659660.400;           0.000;           0.289;
  377;     1343102.000;     1425142.000;     1384122.000;     1350903.100;           0.000;           1.325;
  378;     1390690.000;     1484780.000;     1437735.000;     1399263.600;           0.000;           1.478;
  379;     1360782.000;     1391876.000;     1376329.000;     1365125.900;           0.000;           0.527;
  380;     1625060.000;     1657552.000;     1641306.000;     1630970.700;           0.000;           0.528;
  381;     1370518.000;     1463118.000;     1416818.000;     1378398.700;           0.000;           1.466;
  382;     1396166.000;     1441374.000;     1418770.000;     1405305.000;           0.000;           0.918;
  383;     1383580.000;     1474078.000;     1428829.000;     1391818.000;           0.000;           1.426;
  384;     5344610.000;     5532614.000;     5438612.000;     5375814.100;           0.000;           0.836;
  385;     1398422.000;     1672190.000;     1535306.000;     1423008.600;           0.000;           4.168;
  386;     1421672.000;     1509030.000;     1465351.000;     1434418.000;           0.000;           1.626;
  387;     1426398.000;     1431628.000;     1429013.000;     1428617.600;           0.000;           0.114;
  388;     1668912.000;     1800944.000;     1734928.000;     1694861.700;           0.000;           1.524;
  389;     1430980.000;     2151524.000;     1791252.000;     1496724.500;           0.000;          11.071;
  390;     1484788.000;     2410984.000;     1947886.000;     1554799.400;           0.000;          13.353;
  391;     1447046.000;     2336342.000;     1891694.000;     1508689.000;           0.000;          13.136;
  392;     1790662.000;     1861706.000;     1826184.000;     1797691.900;           0.000;           0.867;
  393;     1460704.000;     1624126.000;     1542415.000;     1482832.900;           0.000;           2.854;
  394;     2082096.000;     2492154.000;     2287125.000;     2121005.800;           0.000;           4.622;
  395;     1672836.000;     2048578.000;     1860707.000;     1963192.700;           0.000;           6.023;
  396;     1727932.000;     2826038.000;     2276985.000;     1802219.400;           0.000;          13.499;
  397;     1489282.000;     1608124.000;     1548703.000;     1502478.200;           0.000;           2.081;
  398;     1713408.000;     1741572.000;     1727490.000;     1719411.100;           0.000;           0.452;
  399;     1509992.000;     1530620.000;     1520306.000;     1516134.200;           0.000;           0.354;
  400;     3283310.000;     3321208.000;     3302259.000;     3292067.400;           0.000;           0.325;
  401;     1523680.000;     1632996.000;     1578338.000;     1532733.000;           0.000;           1.559;
  402;     1578762.000;     1630670.000;     1604716.000;     1590166.300;           0.000;           0.791;
  403;     1538054.000;     1647864.000;     1592959.000;     1563724.800;           0.000;           2.451;
  404;     1804804.000;     1935476.000;     1870140.000;     1819907.900;           0.000;           1.673;
  405;     1547734.000;     2169596.000;     1858665.000;     1588111.300;           0.000;           8.700;
  406;     1595596.000;     1837748.000;     1716672.000;     1637664.600;           0.000;           3.739;
  407;     2028486.000;     2129968.000;     2079227.000;     2046172.600;           0.000;           1.550;
  408;     1957074.000;     2019576.000;     1988325.000;     1966692.500;           0.000;           0.677;
  409;     1770604.000;     1925986.000;     1848295.000;     1783060.700;           0.000;           1.918;
  410;     2590058.000;     2662982.000;     2626520.000;     2599019.500;           0.000;           0.601;
  411;     1619940.000;     1641514.000;     1630727.000;     1625062.000;           0.000;           0.340;
  412;     1901920.000;     1969636.000;     1935778.000;     1909443.300;           0.000;           0.774;
  413;     1648788.000;     1727258.000;     1688023.000;     1658916.900;           0.000;           1.086;
  414;     1834918.000;     2293288.000;     2064103.000;     1887171.100;           0.000;           7.240;
  415;     1660094.000;     1762676.000;     1711385.000;     1674977.400;           0.000;           1.522;
  416;     3810760.000;     3860094.000;     3835427.000;     3823565.200;           0.000;           0.351;
  417;     1678730.000;     1696770.000;     1687750.000;     1684268.300;           0.000;           0.293;
  418;     1842398.000;     1864216.000;     1853307.000;     1848938.900;           0.000;           0.337;
  419;     3151448.000;     3167078.000;     3159263.000;     3156492.500;           0.000;           0.140;
  420;     1982508.000;     2945716.000;     2464112.000;     2044087.200;           0.000;          10.447;
  421;     1981824.000;     2317088.000;     2149456.000;     2003926.700;           0.000;           3.693;
  422;     1882684.000;     1953714.000;     1918199.000;     1891871.000;           0.000;           0.815;
  423;     2262276.000;     2422798.000;     2342537.000;     2275553.800;           0.000;           1.542;
  424;     2096892.000;     2570838.000;     2333865.000;     2123855.800;           0.000;           4.958;
  425;     1730648.000;     1894482.000;     1812565.000;     1757753.900;           0.000;           2.889;
  426;     2009814.000;     2025978.000;     2017896.000;     2014337.100;           0.000;           0.162;
  427;     2837900.000;     2883164.000;     2860532.000;     2850207.600;           0.000;           0.463;
  428;     2213740.000;     2311384.000;     2262562.000;     2225051.400;           0.000;           1.022;
  429;     2044460.000;     2428438.000;     2236449.000;     2330731.900;           0.000;           6.541;
  430;     1864810.000;     1970818.000;     1917814.000;     1876388.500;           0.000;           1.223;
  431;     1908972.000;     1987532.000;     1948252.000;     1919005.200;           0.000;           0.965;
  432;     3838096.000;     3879086.000;     3858591.000;     3846761.700;           0.000;           0.291;
  433;     2006938.000;     2046858.000;     2026898.000;     2013363.800;           0.000;           0.440;
  434;     1994852.000;     2100102.000;     2047477.000;     2030778.600;           0.000;           2.105;
  435;     1857700.000;     1947790.000;     1902745.000;     1876113.300;           0.000;           1.309;
  436;     2140862.000;     2247328.000;     2194095.000;     2152793.400;           0.000;           1.083;
  437;     1990250.000;     2109774.000;     2050012.000;     2000645.000;           0.000;           1.298;
  438;     1921276.000;     1994542.000;     1957909.000;     1932368.000;           0.000;           0.827;
  439;     3633940.000;     3669228.000;     3651584.000;     3644445.300;           0.000;           0.285;
  440;     2279410.000;     2307574.000;     2293492.000;     2285254.700;           0.000;           0.353;
  441;     1913700.000;     2780610.000;     2347155.000;     2012447.900;           0.000;          11.333;
  442;     2185076.000;     2460670.000;     2322873.000;     2224938.500;           0.000;           3.873;
  443;     1917454.000;     2023234.000;     1970344.000;     1932539.700;           0.000;           1.192;
  444;     2260802.000;     2610740.000;     2435771.000;     2478379.200;           0.000;           4.341;
  445;     1893546.000;     1968796.000;     1931171.000;     1904806.000;           0.000;           0.854;
  446;     2594314.000;     2712150.000;     2653232.000;     2611595.700;           0.000;           1.051;
  447;     1884026.000;     1948564.000;     1916295.000;     1893420.000;           0.000;           0.773;
  448;     5237386.000;     5386830.000;     5312108.000;     5264188.500;           0.000;           0.707;
  449;     1906648.000;     3133644.000;     2520146.000;     1997373.100;           0.000;          13.590;
  450;     2315056.000;     2822102.000;     2568579.000;     2607564.200;           0.000;           4.212;
  451;     2035908.000;     2058018.000;     2046963.000;     2043229.000;           0.000;           0.314;
  452;     2669576.000;     2709498.000;     2689537.000;     2678084.900;           0.000;           0.394;
  453;     2771724.000;     2857990.000;     2814857.000;     2782092.000;           0.000;           0.681;
  454;     2014504.000;     2177120.000;     2095812.000;     2032844.000;           0.000;           1.861;
  455;     1957920.000;     1992864.000;     1975392.000;     1963230.600;           0.000;           0.407;
  456;     2461696.000;     2573790.000;     2517743.000;     2473030.600;           0.000;           0.983;
  457;     2370172.000;     2825796.000;     2597984.000;     2408675.200;           0.000;           4.217;
  458;     2336424.000;     2735542.000;     2535983.000;     2367560.000;           0.000;           3.706;
  459;     1988410.000;     2095818.000;     2042114.000;     1996482.400;           0.000;           1.187;
  460;     2461176.000;     2635782.000;     2548479.000;     2485606.200;           0.000;           1.753;
  461;     3453558.000;     4312028.000;     3882793.000;     3513128.300;           0.000;           5.395;
  462;     2098068.000;     2124264.000;     2111166.000;     2107023.300;           0.000;           0.318;
  463;     2612522.000;     2730568.000;     2671545.000;     2630024.100;           0.000;           1.033;
  464;     4466466.000;     5283784.000;     4875125.000;     4596515.000;           0.000;           5.338;
  465;     2501816.000;     2740896.000;     2621356.000;     2649951.900;           0.000;           3.680;
  466;     2838712.000;     2961810.000;     2900261.000;     2856000.500;           0.000;           1.038;
  467;     2530826.000;     2864200.000;     2697513.000;     2811008.800;           0.000;           3.588;
  468;     2463762.000;     2576568.000;     2520165.000;     2534569.600;           0.000;           1.817;
  469;     2418010.000;     3059346.000;     2738678.000;     2913867.000;           0.000;           4.431;
  470;     2509952.000;     2585470.000;     2547711.000;     2545469.800;           0.000;           0.672;
  471;     2094582.000;     2295718.000;     2195150.000;     2117833.900;           0.000;           2.215;
  472;     2741520.000;     3042612.000;     2892066.000;     2792671.100;           0.000;           2.585;
  473;     3253332.000;     3428106.000;     3340719.000;     3272082.900;           0.000;           1.157;
  474;     2429576.000;     2455408.000;     2442492.000;     2439270.900;           0.000;           0.293;
  475;     2989048.000;     3128978.000;     3059013.000;     3012558.300;           0.000;           1.291;
  476;     2787900.000;     2812712.000;     2800306.000;     2795209.500;           0.000;           0.261;
  477;     3011862.000;     3118732.000;     3065297.000;     3031350.300;           0.000;           0.884;
  478;     3741388.000;     4199416.000;     3970402.000;     3805007.900;           0.000;           2.791;
  479;     3443476.000;     3672354.000;     3557915.000;     3487138.500;           0.000;           1.590;
  480;     5079154.000;     5184584.000;     5131869.000;     5094664.200;           0.000;           0.479;
  481;     2940954.000;     3571164.000;     3256059.000;     3293438.900;           0.000;           7.370;
  482;     3734000.000;     3883626.000;     3808813.000;     3782792.200;           0.000;           0.888;
  483;     2649802.000;     2791080.000;     2720441.000;     2666759.300;           0.000;           1.205;
  484;     2699550.000;     3279884.000;     2989717.000;     3031511.400;           0.000;           7.184;
  485;     2221124.000;     2368766.000;     2294945.000;     2248669.400;           0.000;           1.906;
  486;     3421320.000;     3765266.000;     3593293.000;     3464014.900;           0.000;           2.301;
  487;     2423244.000;     2522724.000;     2472984.000;     2443137.800;           0.000;           1.073;
  488;     3420130.000;     3506812.000;     3463471.000;     3441686.500;           0.000;           0.559;
  489;     3672402.000;     3773728.000;     3723065.000;     3688217.600;           0.000;           0.586;
  490;     3486538.000;     3756954.000;     3621746.000;     3558420.400;           0.000;           2.517;
  491;     3376158.000;     3579290.000;     3477724.000;     3396338.100;           0.000;           1.339;
  492;     3607576.000;     4925648.000;     4266612.000;     3742283.000;           0.000;           7.982;
  493;     2328956.000;     2506698.000;     2417827.000;     2355560.400;           0.000;           2.109;
  494;     3568054.000;     3590374.000;     3579214.000;     3578010.800;           0.000;           0.193;
  495;     3942814.000;     4027094.000;     3984954.000;     3966075.100;           0.000;           0.576;
  496;     5064136.000;     5101968.000;     5083052.000;     5073523.200;           0.000;           0.165;
  497;     3097464.000;     4223254.000;     3660359.000;     3713195.000;           0.000;          11.875;
  498;     2953820.000;     3875904.000;     3414862.000;     3426638.300;           0.000;          12.370;
  499;     4098938.000;     4120510.000;     4109724.000;     4109074.500;           0.000;           0.180;
  500;     2881636.000;     4017864.000;     3449750.000;     3159777.400;           0.000;          14.928;
  501;     3933382.000;     4018020.000;     3975701.000;     3951154.600;           0.000;           0.479;
  502;     4208534.000;     4362086.000;     4285310.000;     4238521.000;           0.000;           1.072;
  503;     3875528.000;     4064416.000;     3969972.000;     3903000.500;           0.000;           1.064;
  504;     4190058.000;     4281204.000;     4235631.000;     4207744.800;           0.000;           0.460;
  505;     4388662.000;     4493586.000;     4441124.000;     4407389.900;           0.000;           0.550;
  506;     3953010.000;     4901792.000;     4427401.000;     4045228.800;           0.000;           5.191;
  507;     3851066.000;     3983112.000;     3917089.000;     3873838.000;           0.000;           0.784;
  508;     3564792.000;     6345902.000;     4955347.000;     3774422.200;           0.000;          16.199;
  509;     3815080.000;     4012274.000;     3913677.000;     3883293.200;           0.000;           1.030;
  510;     3811896.000;     3954094.000;     3882995.000;     3847255.400;           0.000;           0.890;
  511;     2556648.000;     2722472.000;     2639560.000;     2574673.800;           0.000;           1.399;
  512;    11162534.000;    12313938.000;    11738236.000;    11460636.800;           0.000;           3.686;
  513;     6904834.000;     8685362.000;     7795098.000;     7472835.300;           0.000;           9.235;
  514;     5695992.000;     6225422.000;     5960707.000;     6098560.700;           0.000;           1.841;
  515;     4753060.000;     4881148.000;     4817104.000;     4787419.900;           0.000;           0.662;
  516;     4374432.000;     5279958.000;     4827195.000;     4489728.300;           0.000;           4.924;
  517;     4075058.000;     5137906.000;     4606482.000;     4411133.100;           0.000;           4.977;
  518;     4385130.000;     4990752.000;     4687941.000;     4449666.700;           0.000;           3.015;
  519;     4396658.000;     5032140.000;     4714399.000;     4501700.800;           0.000;           3.639;
  520;     4882820.000;     5487952.000;     5185386.000;     4965998.900;           0.000;           2.867;
  521;     4955864.000;     5230894.000;     5093379.000;     5005711.500;           0.000;           1.258;
  522;     4765580.000;     4875912.000;     4820746.000;     4787375.400;           0.000;           0.478;
  523;     4366748.000;     4475376.000;     4421062.000;     4391556.000;           0.000;           0.695;
  524;     5071504.000;     5159490.000;     5115497.000;     5095444.800;           0.000;           0.456;
  525;     4964140.000;     5105948.000;     5035044.000;     4999914.200;           0.000;           0.815;
  526;     5197434.000;     6063212.000;     5630323.000;     5293444.500;           0.000;           3.556;
  527;     4491598.000;     5270984.000;     4881291.000;     4582377.700;           0.000;           3.885;
  528;     5786530.000;     5846226.000;     5816378.000;     5806273.800;           0.000;           0.240;
  529;     4528688.000;     4727006.000;     4627847.000;     4572079.300;           0.000;           1.163;
  530;     5327086.000;     5425772.000;     5376429.000;     5350464.900;           0.000;           0.465;
  531;     5595658.000;     5660256.000;     5627957.000;     5614017.900;           0.000;           0.291;
  532;     4162310.000;     5328124.000;     4745217.000;     4947236.200;           0.000;          10.359;
  533;     4147308.000;     5651114.000;     4899211.000;     5190633.400;           0.000;           9.081;
  534;     3944884.000;     5477334.000;     4711109.000;     5041594.800;           0.000;           6.941;
  535;     4672232.000;     4790490.000;     4731361.000;     4699221.100;           0.000;           0.692;
  536;     4138534.000;     5950876.000;     5044705.000;     5338732.000;           0.000;           6.561;
  537;     4376048.000;     6538340.000;     5457194.000;     5579701.300;           0.000;           7.420;
  538;     5399762.000;     5659042.000;     5529402.000;     5455031.100;           0.000;           1.228;
  539;     5643558.000;     5718040.000;     5680799.000;     5671294.400;           0.000;           0.374;
  540;     5530318.000;     5627234.000;     5578776.000;     5559188.100;           0.000;           0.499;
  541;     5642838.000;     5707096.000;     5674967.000;     5672213.200;           0.000;           0.249;
  542;     4742774.000;     4977776.000;     4860275.000;     4869888.600;           0.000;           1.183;
  543;     4451066.000;     5920864.000;     5185965.000;     4555108.900;           0.000;           7.121;
  544;     6733186.000;     6813886.000;     6773536.000;     6755203.100;           0.000;           0.308;
  545;     4147526.000;     4558718.000;     4353122.000;     4386475.400;           0.000;           2.816;
  546;     4854938.000;     5058136.000;     4956537.000;     4943097.700;           0.000;           0.716;
  547;     5685036.000;     6161756.000;     5923396.000;     5763559.200;           0.000;           2.194;
  548;     5789504.000;     5896876.000;     5843190.000;     5815764.000;           0.000;           0.460;
  549;     4460214.000;     5863758.000;     5161986.000;     5360622.200;           0.000;           7.553;
  550;     5351850.000;     6052768.000;     5702309.000;     5843986.000;           0.000;           2.185;
  551;     4812066.000;     5535884.000;     5173975.000;     5267220.900;           0.000;           2.382;
  552;     5777364.000;     5875238.000;     5826301.000;     5810738.600;           0.000;           0.494;
  553;     5957774.000;     6183646.000;     6070710.000;     5999978.100;           0.000;           1.126;
  554;     5871460.000;     6237438.000;     6054449.000;     5930864.000;           0.000;           1.492;
  555;     5894912.000;     5978236.000;     5936574.000;     5917889.000;           0.000;           0.354;
  556;     6060288.000;     6263770.000;     6162029.000;     6098305.300;           0.000;           0.792;
  557;     5633060.000;     6119048.000;     5876054.000;     5709448.500;           0.000;           2.095;
  558;     5879076.000;     6868386.000;     6373731.000;     5975484.700;           0.000;           3.591;
  559;     5915584.000;     6009866.000;     5962725.000;     5945595.300;           0.000;           0.473;
  560;     6534710.000;     7904904.000;     7219807.000;     7170096.400;           0.000;           7.992;
  561;     6006558.000;     6424706.000;     6215632.000;     6090238.000;           0.000;           1.978;
  562;     6271918.000;     6487080.000;     6379499.000;     6315013.000;           0.000;           0.894;
  563;     5261876.000;     5357604.000;     5309740.000;     5281393.300;           0.000;           0.405;
  564;     6294634.000;     6566354.000;     6430494.000;     6371396.300;           0.000;           1.114;
  565;     6350278.000;     6895440.000;     6622859.000;     6459134.800;           0.000;           2.050;
  566;     5315086.000;     6399042.000;     5857064.000;     6191542.800;           0.000;           3.810;
  567;     5297066.000;     6264822.000;     5780944.000;     5574946.100;           0.000;           7.301;
  568;     6243684.000;     7110302.000;     6676993.000;     6374214.600;           0.000;           3.170;
  569;     6242808.000;     7038010.000;     6640409.000;     6390887.200;           0.000;           3.101;
  570;     5309186.000;     6439580.000;     5874383.000;     5520996.300;           0.000;           7.193;
  571;     5224340.000;     5499824.000;     5362082.000;     5266427.200;           0.000;           1.109;
  572;     5600866.000;     6398154.000;     5999510.000;     5950943.400;           0.000;           5.515;
  573;     6509286.000;     6795288.000;     6652287.000;     6571501.400;           0.000;           1.165;
  574;     5631986.000;     6741436.000;     6186711.000;     6187137.300;           0.000;           3.367;
  575;     5659392.000;     6823198.000;     6241295.000;     6204985.800;           0.000;           8.894;
  576;    10473672.000;    10599372.000;    10536522.000;    10507532.600;           0.000;           0.338;
  577;     5729604.000;     6833122.000;     6281363.000;     6627068.200;           0.000;           5.052;
  578;     6204002.000;     6463292.000;     6333647.000;     6255407.500;           0.000;           1.163;
  579;     6201622.000;     6913958.000;     6557790.000;     6451170.800;           0.000;           4.117;
  580;     6475026.000;     6568258.000;     6521642.000;     6506067.300;           0.000;           0.390;
  581;     5591406.000;     6710650.000;     6151028.000;     6399965.000;           0.000;           7.285;
  582;     5844018.000;     6660884.000;     6252451.000;     6033574.200;           0.000;           5.118;
  583;     6569992.000;     6924614.000;     6747303.000;     6615227.200;           0.000;           1.180;
  584;     6654028.000;     6737520.000;     6695774.000;     6669230.200;           0.000;           0.258;
  585;     4436180.000;     4784970.000;     4610575.000;     4483924.700;           0.000;           1.791;
  586;     6692334.000;     6999482.000;     6845908.000;     6742788.000;           0.000;           1.043;
  587;     6675144.000;     7469198.000;     7072171.000;     6758283.200;           0.000;           2.530;
  588;     6815496.000;     6934018.000;     6874757.000;     6841707.300;           0.000;           0.407;
  589;     6862498.000;     7048252.000;     6955375.000;     6918127.200;           0.000;           0.828;
  590;     6977692.000;     7818276.000;     7397984.000;     7073131.400;           0.000;           2.603;
  591;     6937616.000;     7056480.000;     6997048.000;     6974868.700;           0.000;           0.542;
  592;     7398558.000;     7597056.000;     7497807.000;     7430150.200;           0.000;           0.631;
  593;     6380336.000;     7268678.000;     6824507.000;     7058484.800;           0.000;           3.415;
  594;     6313660.000;     7145782.000;     6729721.000;     6889639.000;           0.000;           4.894;
  595;     6223848.000;     6789082.000;     6506465.000;     6302771.800;           0.000;           2.115;
  596;     7149426.000;     7418130.000;     7283778.000;     7209065.300;           0.000;           0.908;
  597;     6206766.000;     6358740.000;     6282753.000;     6241420.500;           0.000;           0.585;
  598;     7002560.000;     7112262.000;     7057411.000;     7032446.500;           0.000;           0.439;
  599;     6999370.000;     7420598.000;     7209984.000;     7054058.900;           0.000;           1.323;
  600;     7042044.000;     7949354.000;     7495699.000;     7172490.600;           0.000;           2.881;
  601;     5611566.000;     6474914.000;     6043240.000;     5776711.200;           0.000;           4.030;
  602;     7136724.000;     7938532.000;     7537628.000;     7359222.800;           0.000;           3.226;
  603;     6787716.000;     6972230.000;     6879973.000;     6831194.600;           0.000;           0.613;
  604;     7302498.000;     7422814.000;     7362656.000;     7330902.100;           0.000;           0.405;
  605;     5350100.000;     5977544.000;     5663822.000;     5461765.700;           0.000;           2.657;
  606;     7345478.000;     7891316.000;     7618397.000;     7534518.400;           0.000;           1.844;
  607;     6677034.000;     7468784.000;     7072909.000;     6882865.900;           0.000;           4.754;
  608;     8790644.000;     8937522.000;     8864083.000;     8832677.100;           0.000;           0.460;
  609;     7487036.000;     7783250.000;     7635143.000;     7538861.100;           0.000;           0.903;
  610;     7536476.000;     7675172.000;     7605824.000;     7567017.100;           0.000;           0.532;
  611;     6698684.000;     7770020.000;     7234352.000;     7076762.200;           0.000;           5.876;
  612;     7006898.000;     8481510.000;     7744204.000;     7440808.000;           0.000;           5.091;
  613;     6838756.000;     7604014.000;     7221385.000;     7459268.300;           0.000;           2.025;
  614;     6710424.000;     6867554.000;     6788989.000;     6751497.100;           0.000;           0.689;
  615;     7230756.000;     7316284.000;     7273520.000;     7247153.800;           0.000;           0.342;
  616;     7101662.000;     7659538.000;     7380600.000;     7263231.300;           0.000;           2.570;
  617;     6765798.000;     7008066.000;     6886932.000;     6926060.900;           0.000;           0.768;
  618;     7498124.000;     7844566.000;     7671345.000;     7568690.500;           0.000;           1.124;
  619;     7672944.000;     7782994.000;     7727969.000;     7703141.400;           0.000;           0.335;
  620;     7742502.000;     7927892.000;     7835197.000;     7797338.200;           0.000;           0.681;
  621;     7778262.000;     8136980.000;     7957621.000;     7839930.200;           0.000;           1.082;
  622;     7573980.000;     7998934.000;     7786457.000;     7670934.100;           0.000;           1.765;
  623;     7895016.000;     8044160.000;     7969588.000;     7949152.700;           0.000;           0.548;
  624;     8206114.000;     9255170.000;     8730642.000;     8339642.100;           0.000;           2.809;
  625;     7942258.000;     8096512.000;     8019385.000;     7987952.400;           0.000;           0.537;
  626;     7235226.000;     8150012.000;     7692619.000;     7845426.500;           0.000;           3.395;
  627;     7427084.000;     8102874.000;     7764979.000;     7904255.600;           0.000;           2.603;
  628;     7434914.000;     8043762.000;     7739338.000;     7597239.100;           0.000;           3.082;
  629;     7144146.000;     7287000.000;     7215573.000;     7192822.300;           0.000;           0.634;
  630;     7413298.000;     7785402.000;     7599350.000;     7484731.900;           0.000;           1.373;
  631;     7906970.000;     8017622.000;     7962296.000;     7942305.700;           0.000;           0.371;
  632;     7751630.000;     7969594.000;     7860612.000;     7830106.600;           0.000;           0.881;
  633;     7896564.000;     8216516.000;     8056540.000;     7954885.800;           0.000;           0.882;
  634;     7902796.000;     8183974.000;     8043385.000;     7965099.700;           0.000;           0.878;
  635;     7219162.000;     8360530.000;     7789846.000;     7812496.400;           0.000;           5.564;
  636;     7968736.000;     9074368.000;     8521552.000;     8328646.400;           0.000;           2.783;
  637;     8216518.000;     8696940.000;     8456729.000;     8325335.100;           0.000;           1.425;
  638;     8005230.000;     8478558.000;     8241894.000;     8097515.300;           0.000;           1.789;
  639;     8326676.000;     8686958.000;     8506817.000;     8382851.400;           0.000;           0.959;
  640;    17060306.000;    17425326.000;    17242816.000;    17173313.800;           0.000;           0.578;
  641;     8405508.000;     8509770.000;     8457639.000;     8447698.300;           0.000;           0.368;
  642;     8176952.000;     8445124.000;     8311038.000;     8287590.000;           0.000;           1.189;
  643;     8396746.000;     8677764.000;     8537255.000;     8477174.200;           0.000;           0.895;
  644;     8201010.000;     8530462.000;     8365736.000;     8350290.600;           0.000;           1.143;
  645;     8012954.000;     8568466.000;     8290710.000;     8152195.200;           0.000;           2.237;
  646;     8342562.000;     8632640.000;     8487601.000;     8427401.400;           0.000;           1.034;
  647;     8025014.000;     8491456.000;     8258235.000;     8247108.400;           0.000;           1.913;
  648;     8289364.000;     8518864.000;     8404114.000;     8353613.600;           0.000;           0.826;
  649;     8344966.000;     8478518.000;     8411742.000;     8378196.400;           0.000;           0.479;
  650;     8323334.000;     8609004.000;     8466169.000;     8426583.900;           0.000;           1.174;
  651;     7858948.000;     8852086.000;     8355517.000;     8447112.500;           0.000;           4.163;
  652;     7926108.000;     9225786.000;     8575947.000;     8628168.000;           0.000;           3.321;
  653;     8700478.000;     9050298.000;     8875388.000;     8813551.800;           0.000;           1.048;
  654;     8695574.000;     8845012.000;     8770293.000;     8755095.200;           0.000;           0.508;
  655;     8661808.000;     9006242.000;     8834025.000;     8826905.500;           0.000;           1.230;
  656;     9108182.000;    10145200.000;     9626691.000;     9212829.100;           0.000;           2.448;
  657;     8847202.000;     8968544.000;     8907873.000;     8886384.400;           0.000;           0.352;
  658;     8032226.000;     8716080.000;     8374153.000;     8346747.400;           0.000;           2.388;
  659;     8222274.000;     9013246.000;     8617760.000;     8450707.200;           0.000;           3.338;
  660;     8463782.000;     9019794.000;     8741788.000;     8616061.000;           0.000;           2.281;
  661;     8800406.000;     9252528.000;     9026467.000;     8904229.300;           0.000;           1.253;
  662;     8781086.000;     8891572.000;     8836329.000;     8808457.200;           0.000;           0.364;
  663;     8475732.000;     8851946.000;     8663839.000;     8776820.300;           0.000;           0.857;
  664;     8724776.000;     9080048.000;     8902412.000;     8805063.400;           0.000;           0.950;
  665;     8420664.000;     8938044.000;     8679354.000;     8697275.700;           0.000;           2.024;
  666;     8905004.000;     9132860.000;     9018932.000;     8964329.700;           0.000;           0.730;
  667;     8689144.000;     9901870.000;     9295507.000;     9007370.700;           0.000;           2.655;
  668;     8577056.000;     9391164.000;     8984110.000;     8884204.700;           0.000;           3.538;
  669;     7800880.000;     9596770.000;     8698825.000;     8934670.400;           0.000;           6.512;
  670;     8937098.000;    10261294.000;     9599196.000;     9315536.800;           0.000;           3.149;
  671;     9269344.000;     9669850.000;     9469597.000;     9350342.500;           0.000;           0.955;
  672;    10967158.000;    11275424.000;    11121291.000;    11067171.600;           0.000;           0.855;
  673;     9322856.000;     9582450.000;     9452653.000;     9378489.100;           0.000;           0.679;
  674;     8725994.000;     9648262.000;     9187128.000;     9181487.900;           0.000;           3.420;
  675;     8921166.000;     9459148.000;     9190157.000;     9077721.900;           0.000;           1.999;
  676;     9318158.000;     9590688.000;     9454423.000;     9366946.700;           0.000;           0.647;
  677;     8891926.000;     9471004.000;     9181465.000;     9154744.500;           0.000;           2.187;
  678;     9045370.000;     9651160.000;     9348265.000;     9293530.600;           0.000;           1.451;
  679;     8937566.000;     9290498.000;     9114032.000;     9128759.800;           0.000;           1.384;
  680;     9192030.000;    10998784.000;    10095407.000;     9405348.700;           0.000;           4.176;
  681;     9069584.000;     9447384.000;     9258484.000;     9276294.300;           0.000;           0.890;
  682;     8948126.000;     9070344.000;     9009235.000;     8992209.000;           0.000;           0.447;
  683;     9301854.000;     9524232.000;     9413043.000;     9344753.800;           0.000;           0.647;
  684;     8985966.000;     9498462.000;     9242214.000;     9122963.900;           0.000;           2.042;
  685;     9298032.000;     9644474.000;     9471253.000;     9380792.800;           0.000;           1.277;
  686;     9582492.000;     9941236.000;     9761864.000;     9708274.000;           0.000;           0.980;
  687;     9734130.000;     9896980.000;     9815555.000;     9778703.700;           0.000;           0.482;
  688;    10170336.000;    10372194.000;    10271265.000;    10239479.400;           0.000;           0.612;
  689;     9625074.000;     9908316.000;     9766695.000;     9734914.200;           0.000;           0.998;
  690;     9532376.000;    10010038.000;     9771207.000;     9734896.700;           0.000;           1.641;
  691;     9810062.000;    10239690.000;    10024876.000;     9896557.500;           0.000;           1.118;
  692;     9546904.000;     9880468.000;     9713686.000;     9692507.100;           0.000;           1.094;
  693;     9443262.000;     9977096.000;     9710179.000;     9741983.500;           0.000;           1.172;
  694;     9634872.000;     9835984.000;     9735428.000;     9719778.400;           0.000;           0.643;
  695;     9468208.000;    10011290.000;     9739749.000;     9719825.400;           0.000;           1.359;
  696;     9648588.000;    12395720.000;    11022154.000;    10141554.300;           0.000;           7.651;
  697;     9711502.000;     9951480.000;     9831491.000;     9769432.000;           0.000;           0.629;
  698;     9404252.000;     9718318.000;     9561285.000;     9586299.600;           0.000;           0.866;
  699;     9892004.000;    10106882.000;     9999443.000;     9951124.600;           0.000;           0.714;
  700;     9963180.000;    10458218.000;    10210699.000;    10072895.400;           0.000;           1.224;
  701;     9862896.000;    10425058.000;    10143977.000;    10133996.900;           0.000;           1.172;
  702;    10122394.000;    10483186.000;    10302790.000;    10208685.800;           0.000;           1.092;
  703;     9846778.000;    10288148.000;    10067463.000;    10078745.000;           0.000;           1.716;
  704;    17745576.000;    18220750.000;    17983163.000;    17864408.900;           0.000;           0.726;
  705;    10334448.000;    11666666.000;    11000557.000;    10668739.100;           0.000;           3.743;
  706;    10272136.000;    10439080.000;    10355608.000;    10330867.500;           0.000;           0.482;
  707;     9034374.000;     9574270.000;     9304322.000;     9314880.700;           0.000;           2.000;
  708;    10217992.000;    10719834.000;    10468913.000;    10318018.300;           0.000;           1.251;
  709;    10175428.000;    10456130.000;    10315779.000;    10238915.000;           0.000;           0.765;
  710;    10044836.000;    10429696.000;    10237266.000;    10159135.900;           0.000;           1.085;
  711;     9998466.000;    10268426.000;    10133446.000;    10115045.000;           0.000;           0.741;
  712;    10149168.000;    10394634.000;    10271901.000;    10231162.300;           0.000;           0.634;
  713;    10227676.000;    10437582.000;    10332629.000;    10318857.600;           0.000;           0.607;
  714;    10271280.000;    10702434.000;    10486857.000;    10355520.600;           0.000;           0.892;
  715;    10401818.000;    10975462.000;    10688640.000;    10501074.600;           0.000;           1.301;
  716;    10570610.000;    10953586.000;    10762098.000;    10659728.000;           0.000;           0.987;
  717;    10635264.000;    11122042.000;    10878653.000;    10744547.200;           0.000;           0.996;
  718;    10529184.000;    10828536.000;    10678860.000;    10659135.300;           0.000;           0.845;
  719;    10670222.000;    11233138.000;    10951680.000;    10783074.300;           0.000;           1.160;
  720;    11054260.000;    11304790.000;    11179525.000;    11125346.400;           0.000;           0.608;
  721;    10658740.000;    10914644.000;    10786692.000;    10835869.400;           0.000;           0.596;
  722;    10821582.000;    11889346.000;    11355464.000;    10942529.800;           0.000;           2.135;
  723;    10722208.000;    10891348.000;    10806778.000;    10784490.300;           0.000;           0.471;
  724;    10746502.000;    10994132.000;    10870317.000;    10808642.600;           0.000;           0.565;
  725;    10630806.000;    10907532.000;    10769169.000;    10728561.800;           0.000;           0.760;
  726;    10709166.000;    10917230.000;    10813198.000;    10764832.800;           0.000;           0.590;
  727;    10549596.000;    10828536.000;    10689066.000;    10663673.900;           0.000;           0.620;
  728;    10582762.000;    10828922.000;    10705842.000;    10656819.800;           0.000;           0.567;
  729;    10678128.000;    10883924.000;    10781026.000;    10727445.700;           0.000;           0.470;
  730;    10777222.000;    10912992.000;    10845107.000;    10830021.400;           0.000;           0.382;
  731;    10761622.000;    12119604.000;    11440613.000;    11026820.100;           0.000;           2.431;
  732;    10844050.000;    11177028.000;    11010539.000;    10985851.300;           0.000;           0.956;
  733;    11065652.000;    11445824.000;    11255738.000;    11144861.700;           0.000;           0.794;
  734;    11121570.000;    11347172.000;    11234371.000;    11203296.100;           0.000;           0.600;
  735;    11240554.000;    11513114.000;    11376834.000;    11314683.100;           0.000;           0.609;
  736;    13820978.000;    14355246.000;    14088112.000;    13948223.500;           0.000;           0.993;
  737;    11302574.000;    11494740.000;    11398657.000;    11388181.100;           0.000;           0.466;
  738;    11244972.000;    11443142.000;    11344057.000;    11312326.700;           0.000;           0.467;
  739;    11312924.000;    12435150.000;    11874037.000;    11464613.600;           0.000;           2.074;
  740;    11260314.000;    12752120.000;    12006217.000;    11494466.000;           0.000;           3.200;
  741;    11266560.000;    11641934.000;    11454247.000;    11367935.600;           0.000;           0.846;
  742;    10829700.000;    11416822.000;    11123261.000;    11152814.000;           0.000;           1.322;
  743;    11146148.000;    11743744.000;    11444946.000;    11267041.400;           0.000;           1.226;
  744;    11158358.000;    11403554.000;    11280956.000;    11235224.700;           0.000;           0.549;
  745;    11289700.000;    11510398.000;    11400049.000;    11369951.400;           0.000;           0.488;
  746;    11252070.000;    11723660.000;    11487865.000;    11353874.200;           0.000;           0.863;
  747;    11390690.000;    12403648.000;    11897169.000;    11552965.800;           0.000;           1.872;
  748;    11512546.000;    11684680.000;    11598613.000;    11582718.600;           0.000;           0.482;
  749;    11635392.000;    12160248.000;    11897820.000;    11767290.500;           0.000;           1.114;
  750;    11630768.000;    11996140.000;    11813454.000;    11710865.400;           0.000;           0.713;
  751;    11712656.000;    11943848.000;    11828252.000;    11792660.900;           0.000;           0.523;
  752;    12391686.000;    12603444.000;    12497565.000;    12479459.300;           0.000;           0.541;
  753;    11518758.000;    12166790.000;    11842774.000;    11851006.600;           0.000;           1.388;
  754;    11900668.000;    12182040.000;    12041354.000;    11998387.800;           0.000;           0.616;
  755;    11689606.000;    13586258.000;    12637932.000;    12235129.500;           0.000;           4.051;
  756;    12228170.000;    12437282.000;    12332726.000;    12302961.800;           0.000;           0.505;
  757;    12133928.000;    12509616.000;    12321772.000;    12275609.100;           0.000;           0.846;
  758;    12077994.000;    12412504.000;    12245249.000;    12215373.000;           0.000;           0.632;
  759;    12289774.000;    12504598.000;    12397186.000;    12367739.500;           0.000;           0.419;
  760;    12224696.000;    12417060.000;    12320878.000;    12318843.700;           0.000;           0.443;
  761;    12383800.000;    12598136.000;    12490968.000;    12460408.900;           0.000;           0.491;
  762;    12168866.000;    12604136.000;    12386501.000;    12405391.700;           0.000;           0.779;
  763;    12267674.000;    12731234.000;    12499454.000;    12357713.700;           0.000;           0.795;
  764;    12465162.000;    12806572.000;    12635867.000;    12560441.200;           0.000;           0.757;
  765;    12393476.000;    12641924.000;    12517700.000;    12462281.700;           0.000;           0.527;
  766;    12635902.000;    12809820.000;    12722861.000;    12696387.900;           0.000;           0.417;
  767;    12503606.000;    12722082.000;    12612844.000;    12568565.100;           0.000;           0.435;
  768;    25152128.000;    25689990.000;    25421059.000;    25474044.900;           0.000;           0.482;
  769;    12851256.000;    12978548.000;    12914902.000;    12903942.100;           0.000;           0.320;
  770;    12854270.000;    13064030.000;    12959150.000;    12916356.800;           0.000;           0.383;
  771;    12834570.000;    13064112.000;    12949341.000;    12896887.000;           0.000;           0.501;
  772;    12628664.000;    12801738.000;    12715201.000;    12699363.500;           0.000;           0.440;
  773;    12563284.000;    12907164.000;    12735224.000;    12654362.900;           0.000;           0.751;
  774;    12737916.000;    12957086.000;    12847501.000;    12830401.100;           0.000;           0.552;
  775;    12763260.000;    14045368.000;    13404314.000;    13007704.200;           0.000;           2.578;
  776;    12802766.000;    13219542.000;    13011154.000;    12908559.300;           0.000;           0.897;
  777;    12764552.000;    12911606.000;    12838079.000;    12810567.700;           0.000;           0.365;
  778;    12823958.000;    13075870.000;    12949914.000;    12903791.900;           0.000;           0.584;
  779;    12787692.000;    13485822.000;    13136757.000;    12957012.800;           0.000;           1.238;
  780;    12949828.000;    13131996.000;    13040912.000;    13028796.100;           0.000;           0.368;
  781;    12923110.000;    13058126.000;    12990618.000;    12979447.900;           0.000;           0.345;
  782;    12971636.000;    13290888.000;    13131262.000;    13121706.100;           0.000;           0.597;
  783;    12564210.000;    13048186.000;    12806198.000;    12645069.800;           0.000;           0.855;
  784;    13355886.000;    13715530.000;    13535708.000;    13482783.500;           0.000;           0.759;
  785;    12498246.000;    12953486.000;    12725866.000;    12653443.500;           0.000;           0.947;
  786;    13157108.000;    13312224.000;    13234666.000;    13218402.000;           0.000;           0.394;
  787;    13297318.000;    13518176.000;    13407747.000;    13361489.300;           0.000;           0.449;
  788;    13224430.000;    13596364.000;    13410397.000;    13304258.200;           0.000;           0.646;
  789;    13331410.000;    13992936.000;    13662173.000;    13432054.000;           0.000;           1.101;
  790;    13256906.000;    14205878.000;    13731392.000;    13357102.400;           0.000;           1.542;
  791;    13221948.000;    13546200.000;    13384074.000;    13342260.200;           0.000;           0.685;
  792;    13320020.000;    13633508.000;    13476764.000;    13415240.800;           0.000;           0.590;
  793;    13459466.000;    13747072.000;    13603269.000;    13559750.900;           0.000;           0.677;
  794;    13396826.000;    13675576.000;    13536201.000;    13467884.400;           0.000;           0.527;
  795;    13509382.000;    13729422.000;    13619402.000;    13560390.600;           0.000;           0.424;
  796;    13672646.000;    14099590.000;    13886118.000;    13749155.900;           0.000;           0.740;
  797;    13687486.000;    14202920.000;    13945203.000;    13813637.900;           0.000;           0.947;
  798;    13637936.000;    13960580.000;    13799258.000;    13741613.800;           0.000;           0.661;
  799;    13593474.000;    14038182.000;    13815828.000;    13680207.900;           0.000;           0.783;
  800;    16876920.000;    17414606.000;    17145763.000;    16973006.300;           0.000;           0.822;
